Table 1,,,,,,,,,,,
Pos,Player,Rank,Matches,Aces,DF,1st Srv %,1st Srv Pts %,2nd Srv %,Srv Pts Won %,BP SVD %,Srv Gm Won %
194,"
Kateryna Bondarenko
Kateryna Bondarenko

UKR",9999,2,5,15,48.9%,58.5%,35.3%,46.6%,44.4%,47.4%
219,"
Ana Konjuh
Ana Konjuh

CRO",1270,1,3,8,42.6%,76.9%,42.9%,57.4%,25%,72.7%
272,"
Anna Tatishvili
Anna Tatishvili

USA",993,1,0,4,58.5%,33.3%,17.6%,26.8%,14.3%,0%
175,"
Ekaterina Makarova
Ekaterina Makarova

RUS",992,3,10,9,67.8%,60.5%,44.3%,55.3%,57.6%,62.2%
264,"Selena Janicijevic
Selena Janicijevic

FRA",911,1,0,0,58.1%,44%,27.8%,37.2%,33.3%,14.3%
253,"Clara Burel
Clara Burel

FRA",873,1,1,3,58%,46.8%,55.9%,50.6%,62.5%,40.0%
263,"
Miyu Kato
Miyu Kato

JPN",858,1,0,1,56.4%,67.7%,41.7%,56.4%,42.9%,55.6%
236,"Ji-Hee Choi
Ji-Hee Choi

KOR",764,1,1,5,50.9%,75%,33.3%,54.5%,57.1%,62.5%
280,"
Sílvia Soler-Espinosa
Sílvia Soler-Espinosa

ESP",682,1,0,2,65.3%,66%,36%,55.6%,57.1%,70.0%
212,"
Zhaoxuan Yang
Zhaoxuan Yang

CHN",657,2,3,10,72.6%,54.4%,37.2%,49.7%,51.9%,43.5%
240,"
Nadiia Kichenok
Nadiia Kichenok

UKR",621,1,1,2,65.2%,26.7%,43.8%,32.6%,36.4%,12.5%
213,"
Luksika Kumkhum
Luksika Kumkhum

THA",619,6,3,28,62.5%,51.9%,32%,44.4%,45.8%,34.7%
197,"Tess Sugnaux
Tess Sugnaux

SUI",581,1,5,2,51.6%,68.8%,36.7%,53.2%,42.9%,55.6%
276,"Fatma Al Nabhani
Fatma Al Nabhani

OMN",577,2,0,14,50.0%,41.5%,28.3%,34.9%,36.4%,0%
233,"
Nigina Abduraimova
Nigina Abduraimova

UZB",560,1,2,4,50.8%,45.5%,43.8%,44.6%,33.3%,40.0%
110,"
Sabine Lisicki
Sabine Lisicki

GER",559,4,28,20,51.2%,67.7%,43.5%,55.9%,38.5%,62.8%
259,"Victoria Rodriguez
Victoria Rodriguez

MEX",555,1,0,2,61.9%,23.1%,25%,23.8%,22.2%,0%
254,"
Emiliana Arango
Emiliana Arango

COL",539,1,1,1,59.3%,51.4%,37.5%,45.8%,60.0%,33.3%
252,"Meiling Wang
Meiling Wang

CHN",512,1,1,1,68.4%,51.3%,61.1%,54.4%,33.3%,60.0%
265,"
Emma Navarro
Emma Navarro

USA",493,1,0,1,55.4%,45.7%,40.5%,43.4%,56.3%,36.4%
227,"
Xinyu Gao
Xinyu Gao

CHN",481,1,2,10,58.3%,56.7%,46.5%,52.4%,45.5%,60.0%
228,"
Akgul Amanmuradova
Akgul Amanmuradova

UZB",474,1,2,3,55.6%,65.7%,32.1%,50.8%,71.4%,50.0%
200,"
Irina Khromacheva
Irina Khromacheva

RUS",460,2,4,18,52.1%,71.3%,37.5%,55.1%,52.9%,68%
192,"
Tara Moore
Tara Moore

GBR",458,1,5,4,56.4%,63.6%,44.1%,55.1%,60.0%,60.0%
273,"Alison Bai
Alison Bai

AUS",451,1,0,2,47.4%,66.7%,36.7%,50.9%,50.0%,55.6%
203,"Katie Volynets
Katie Volynets

USA",429,2,4,4,64.5%,60.6%,43.3%,54.4%,43.8%,64%
208,"Basak Eraydin
Basak Eraydin

TUR",428,1,4,3,58.1%,50.0%,38.5%,45.2%,40.0%,40.0%
274,"
Julia Glushko
Julia Glushko

ISR",412,1,0,4,66.1%,53.8%,40.0%,49.2%,16.7%,50.0%
131,"
Greta Arn
Greta Arn

HUN",404,4,21,26,56.2%,62.4%,37%,51.3%,59.2%,54.5%
190,"
Yingying Duan
Yingying Duan

CHN",394,5,6,13,63.1%,63.3%,40.8%,55%,42.9%,65.5%
243,"Giuliana Olmos
Giuliana Olmos

MEX",388,2,1,2,69.1%,51%,44.2%,48.9%,50.0%,50.0%
206,"
Bethanie Mattek-Sands
Bethanie Mattek-Sands

USA",371,4,4,4,59%,61%,38.3%,51.7%,42.4%,54.8%
241,"Quirine Lemoine
Quirine Lemoine

NED",369,1,1,3,69.8%,45.9%,25%,39.6%,14.3%,25%
267,"Sofya Zhuk
Sofya Zhuk

RUS",363,1,0,3,67.7%,52.3%,47.6%,50.8%,50.0%,55.6%
147,"
Fanny Stollar
Fanny Stollar

HUN",358,4,17,18,49.4%,58.2%,36%,47%,46.2%,44.7%
278,"
Junri Namigata
Junri Namigata

JPN",343,1,0,7,59.8%,54.7%,39.5%,48.6%,50.0%,40.0%
107,"
Katie Boulter
Katie Boulter

GBR",341,5,29,24,58%,72%,44.7%,60.5%,57.6%,74.5%
187,"Diane Parry
Diane Parry

FRA",337,3,7,10,60.7%,64%,45.7%,56.8%,76.5%,70.4%
262,"Hiroko Kuwata
Hiroko Kuwata

JPN",335,1,0,2,62.5%,36.7%,22.2%,31.3%,0%,22.2%
285,"
Sabina Sharipova
Sabina Sharipova

UZB",333,1,0,4,72.6%,47.5%,26.1%,41.7%,30.8%,30.8%
266,"Jessica Pieri
Jessica Pieri

ITA",331,1,0,0,73.4%,51.1%,47.1%,50.0%,50.0%,44.4%
237,"Audrey Albie
Audrey Albie

FRA",330,1,1,3,57.4%,40.7%,45%,42.6%,0%,37.5%
161,"Maia Lumsden
Maia Lumsden

GBR",329,2,13,13,57.7%,69.6%,39.7%,56.9%,61.1%,63.2%
261,"Mari Osaka
Mari Osaka

JPN",328,1,0,2,60.7%,40.5%,50.0%,44.3%,25%,33.3%
93,"
Vera Lapko
Vera Lapko

BLR",326,13,44,49,56.6%,64.4%,42.2%,54.7%,59.2%,61%
195,"Ylena In-Albon
Ylena In-Albon

SUI",314,2,5,13,66.9%,65.8%,46.6%,59.4%,66.7%,73.1%
167,"
Dominika Cibulkova
Dominika Cibulkova

SVK",312,11,11,51,66.1%,59.7%,47.2%,55.5%,56.7%,65.9%
256,"
Risa Ozaki
Risa Ozaki

JPN",310,1,1,1,63.9%,54.7%,36.7%,48.2%,30.0%,46.2%
183,"Shilin Xu
Shilin Xu

CHN",307,2,8,12,63%,60.7%,41.2%,53.5%,44%,58.8%
232,"Peangtarn Plipuech
Peangtarn Plipuech

THA",306,1,2,2,68.2%,53.3%,28.6%,45.5%,33.3%,50.0%
217,"Jule Niemeier
Jule Niemeier

GER",300,1,3,6,56.8%,64%,21.1%,45.5%,28.6%,37.5%
193,"
Lucie Hradecka
Lucie Hradecka

CZE",296,1,5,8,54.2%,79.5%,36.4%,59.7%,57.1%,72.7%
186,"Anna Danilina
Anna Danilina

KAZ",294,1,7,3,60.0%,79.6%,47.2%,66.7%,75%,85.7%
224,"Marie Benoit
Marie Benoit

BEL",292,1,2,2,73.8%,46.7%,37.5%,44.3%,58.3%,37.5%
268,"Ayano Shimizu
Ayano Shimizu

JPN",287,1,0,6,60.0%,42.4%,40.9%,41.8%,40.0%,33.3%
277,"
Tereza Mrdeza
Tereza Mrdeza

CRO",278,2,0,7,64.3%,46.9%,42.2%,45.2%,22.2%,33.3%
188,"Simona Waltert
Simona Waltert

SUI",275,2,7,6,58.9%,64%,41.7%,54.8%,35.7%,60.9%
181,"Hailey Baptiste
Hailey Baptiste

USA",271,2,8,10,55.7%,70.4%,51.3%,61.9%,68.8%,80.0%
257,"
Renata Zarazua
Renata Zarazua

MEX",269,3,1,13,62.6%,54.9%,44.9%,51.1%,55.6%,57.9%
204,"Clara Tauson
Clara Tauson

DEN",268,1,4,3,68.3%,58%,46.9%,54.5%,46.7%,50.0%
148,"
Jana Fett
Jana Fett

CRO",265,4,15,33,47.3%,63.1%,38.3%,50.0%,51.2%,53.3%
246,"
Alexandra Cadantu
Alexandra Cadantu

ROU",264,1,1,2,80.0%,62.5%,40.0%,58%,25%,66.7%
152,"
Tereza Smitkova
Tereza Smitkova

CZE",261,3,14,15,50.7%,66.4%,51.8%,59.2%,52.4%,72.2%
191,"
Georgina Garcia Perez
Georgina Garcia Perez

ESP",257,2,6,3,57.9%,73.9%,46.9%,62.5%,53.3%,70.8%
239,"
Paula Ormaechea
Paula Ormaechea

ARG",255,3,1,7,65.6%,57.8%,46.3%,53.8%,65.5%,63%
135,"
Amandine Hesse
Amandine Hesse

FRA",250,3,20,13,54.5%,60.3%,51.5%,56.3%,60.7%,64.5%
226,"Jaimee Fourlis
Jaimee Fourlis

AUS",249,3,2,3,75.8%,56.7%,38%,52.2%,51.7%,53.3%
221,"Harmony Tan
Harmony Tan

FRA",248,3,2,4,59.7%,54.7%,40.5%,49%,33.3%,44.8%
159,"Diana Marcinkevica
Diana Marcinkevica

LAT",247,3,13,20,52.7%,63%,37.4%,50.9%,44.8%,51.5%
201,"Naiktha Bains
Naiktha Bains

GBR",246,1,4,9,46.5%,60.0%,34.8%,46.5%,42.9%,42.9%
162,"Kimberly Birrell
Kimberly Birrell

AUS",244,5,13,24,63%,66.3%,37.6%,55.6%,60.4%,65.5%
166,"
Evgeniya Rodina
Evgeniya Rodina

RUS",242,19,11,55,69.4%,55.2%,40.3%,50.7%,41.4%,49.8%
172,"
Ellen Perez
Ellen Perez

AUS",241,3,10,8,59.1%,58.6%,41.2%,51.5%,46.2%,57.6%
133,"
Katie Swan
Katie Swan

GBR",240,3,21,14,59.8%,67.2%,37.5%,55.3%,42.9%,64.7%
282,"Valentyna Ivakhnenko
Valentyna Ivakhnenko

RUS",238,2,0,11,75.1%,56.1%,32.6%,50.3%,58.3%,54.5%
130,"
Daria Gavrilova
Daria Gavrilova

AUS",237,22,22,93,66.4%,57.5%,43.9%,52.9%,48.1%,56.8%
157,"
Coco Vandeweghe
Coco Vandeweghe

USA",235,4,14,20,46.5%,68.9%,41.8%,54.4%,52%,67.6%
185,"
Fangzhou Liu
Fangzhou Liu

CHN",233,2,7,2,63.4%,68%,46.4%,60.1%,66.7%,78.3%
218,"Shuyue Ma
Shuyue Ma

CHN",231,1,3,3,49%,54.2%,36%,44.9%,33.3%,25%
286,"Gabriela Ce
Gabriela Ce

BRA",230,2,0,11,69.4%,61.5%,50.0%,58%,58.8%,69.6%
155,"Fang Ying Xun
Fang Ying Xun

CHN",228,3,14,8,67%,61.5%,37%,53.4%,45.8%,60.6%
222,"Julia Grabher
Julia Grabher

AUT",226,1,2,6,56.5%,61.5%,40.0%,52.2%,55.6%,55.6%
150,"Anna Bondar
Anna Bondar

HUN",224,2,14,4,54.7%,67%,41.1%,55.3%,71%,59.1%
146,"
Denisa Satralova
Denisa Satralova

CZE",223,5,17,22,67.2%,61.5%,44.7%,56%,60.5%,67.3%
248,"Laura Ioana Paar
Laura Ioana Paar

ROU",219,2,1,10,69.1%,53.1%,39.5%,48.9%,45.5%,45.5%
250,"Xiaodi You
Xiaodi You

CHN",217,2,1,6,53.4%,51.3%,36.8%,44.5%,51.9%,40.9%
120,"
Johanna Larsson
Johanna Larsson

SWE",216,16,24,51,65.9%,56.5%,43.1%,51.9%,52.2%,55.7%
144,"
Eugenie Bouchard
Eugenie Bouchard

CAN",214,14,18,56,60.9%,60.3%,42.5%,53.4%,51.4%,57.5%
245,"
Pemra Ozgen
Pemra Ozgen

TUR",213,1,1,2,59.5%,45.5%,46.7%,45.9%,57.1%,40.0%
205,"Leylah Fernandez
Leylah Fernandez

CAN",211,2,4,7,58.8%,64%,44.3%,55.9%,52.4%,60.0%
174,"
Conny Perrin
Conny Perrin

SUI",210,5,10,16,62.5%,60.7%,37.6%,52%,52.4%,53.8%
202,"Maria Camila Osorio Serrano
Maria Camila Osorio Serrano

COL",209,3,4,21,59%,64.2%,45.6%,56.6%,58.1%,64.9%
283,"Ekaterine Gorgodze
Ekaterine Gorgodze

GEO",207,1,0,4,50.8%,48.4%,36.7%,42.6%,62.5%,14.3%
223,"Jaqueline Cristian
Jaqueline Cristian

ROU",206,3,2,8,58.5%,56.1%,38.2%,48.6%,34.8%,48.3%
247,"
Arina Rodionova
Arina Rodionova

AUS",205,3,1,17,65.6%,55.8%,47.6%,53%,43.5%,53.6%
235,"
Reka-Luca Jani
Reka-Luca Jani

HUN",204,1,1,0,76.5%,59.6%,50.0%,57.4%,28.6%,58.3%
165,"Martina Di Giuseppe
Martina Di Giuseppe

ITA",203,4,12,10,59.7%,68.9%,43.1%,58.5%,55.2%,67.5%
177,"
Magdalena Frech
Magdalena Frech

POL",202,6,9,18,61.8%,59.7%,42.6%,53.1%,51.6%,60.0%
151,"Destanee Aiava
Destanee Aiava

AUS",201,6,14,23,61.4%,62.4%,43.8%,55.2%,62.5%,63.2%
270,"
Elitsa Kostova
Elitsa Kostova

BUL",200,1,0,2,58.8%,60.0%,23.8%,45.1%,37.5%,37.5%
244,"
Sara Errani
Sara Errani

ITA",199,8,1,64,61.3%,52.6%,30.0%,43.9%,31.5%,35.9%
140,"Zoe Hives
Zoe Hives

AUS",198,6,18,19,57.8%,63.9%,49.5%,57.8%,63.2%,67.7%
176,"Jessika Ponchet
Jessika Ponchet

FRA",197,2,9,7,51.6%,62.1%,29%,46.1%,41.2%,44.4%
234,"Danielle Lao
Danielle Lao

USA",196,2,1,7,71.9%,57.5%,44.7%,53.9%,69.6%,63.2%
284,"
Richel Hogenkamp
Richel Hogenkamp

NED",195,1,0,4,61.5%,54.2%,43.3%,50.0%,50.0%,54.5%
251,"Kamilla Rakhimova
Kamilla Rakhimova

RUS",193,1,1,4,56.3%,50.0%,46.4%,48.4%,37.5%,50.0%
279,"
Olga Govortsova
Olga Govortsova

BLR",192,1,0,7,71.8%,51%,35%,46.5%,45.5%,40.0%
171,"Olga Danilovic
Olga Danilovic

SRB",189,5,10,22,48.8%,65.5%,30.3%,47.5%,52.9%,42.9%
207,"
Ankita Raina
Ankita Raina

IND",188,3,4,7,66.7%,58%,41.3%,52.4%,54.5%,58.3%
281,"
Valeria Savinykh
Valeria Savinykh

RUS",187,1,0,1,69.8%,56.8%,36.8%,50.8%,63.6%,55.6%
215,"
Xinyun Han
Xinyun Han

CHN",186,7,3,17,71.6%,56.9%,41.9%,52.6%,44.2%,57.4%
138,"Elena-Gabriela Ruse
Elena-Gabriela Ruse

ROU",185,6,19,43,57.9%,64.1%,39.7%,53.8%,56.3%,60.6%
128,"
Dalila Jakupovic
Dalila Jakupovic

SLO",184,20,22,57,64.1%,54%,43.2%,50.1%,48.2%,49.7%
231,"Na-Lae Han
Na-Lae Han

KOR",181,1,2,3,63.7%,53.4%,42.4%,49.5%,58.3%,50.0%
269,"
Cagla Buyukakcay
Cagla Buyukakcay

TUR",180,2,0,3,64%,55%,37.8%,48.8%,43.8%,52.6%
229,"Giulia Gatto-Monticone
Giulia Gatto-Monticone

ITA",179,7,2,22,65.9%,52.8%,38.7%,48%,52.8%,46%
76,"
Shelby Rogers
Shelby Rogers

USA",178,12,59,41,57.6%,61.8%,47.1%,55.6%,53%,62.6%
87,"
Magdalena Rybarikova
Magdalena Rybarikova

SVK",177,14,47,37,56.7%,64.7%,46.2%,56.7%,54.7%,66%
271,"
Kristina Kucova
Kristina Kucova

SVK",176,6,0,25,58.6%,55.1%,42.9%,50.0%,48.9%,52.9%
59,"
Mona Barthel
Mona Barthel

GER",175,19,78,119,57.8%,67.1%,41%,56.1%,52.4%,63.8%
158,"
Varvara Lepchenko
Varvara Lepchenko

USA",173,12,14,31,64.5%,59.4%,38.7%,52%,51.9%,55.2%
260,"
Mayo Hibi
Mayo Hibi

JPN",172,2,0,4,83.4%,53.8%,47.1%,52.7%,50.0%,57.1%
255,"Elisabetta Cocciaretto
Elisabetta Cocciaretto

ITA",171,2,1,11,61.7%,54.7%,35.6%,47.4%,43.5%,43.5%
65,"
Chloe Paquet
Chloe Paquet

FRA",170,14,69,66,56.3%,66.1%,43.6%,56.3%,48.6%,63.3%
189,"
Bibiane Schoofs
Bibiane Schoofs

NED",168,7,6,33,65.6%,51%,42.1%,48%,51.4%,43.5%
210,"Lesley Pattinama Kerkhove
Lesley Pattinama Kerkhove

NED",167,3,3,22,61.6%,53.6%,38.4%,47.8%,41.2%,42.9%
136,"
Aleksandra Krunic
Aleksandra Krunic

SRB",166,19,20,40,63.3%,55.3%,47.1%,52.3%,55.2%,54.2%
225,"Irina Bara
Irina Bara

ROU",164,8,2,30,70.1%,50.7%,36.1%,46.3%,46.3%,42%
211,"
Isabella Shinikova
Isabella Shinikova

BUL",163,3,3,11,67%,66.2%,37%,56.6%,58.6%,62.5%
275,"
Jia-Jing Lu
Jia-Jing Lu

CHN",162,1,0,3,68.1%,53.2%,27.3%,44.9%,33.3%,40.0%
258,"Anhelina Kalinina
Anhelina Kalinina

UKR",161,3,1,8,72.6%,55.7%,47.8%,53.6%,46.7%,56.8%
141,"
Antonia Lottner
Antonia Lottner

GER",160,10,18,22,69.5%,65%,35.2%,55.9%,43.6%,63.5%
132,"
Vera Zvonareva
Vera Zvonareva

RUS",159,13,21,56,65%,62.2%,45.8%,56.5%,56.3%,64.7%
209,"
Jana Cepelova
Jana Cepelova

SVK",158,6,3,14,64.4%,51.2%,35.3%,45.5%,30.6%,38.2%
142,"
Sachia Vickery
Sachia Vickery

USA",157,11,18,46,60.4%,59.2%,43.1%,52.8%,48.1%,54.2%
242,"Martina Trevisan
Martina Trevisan

ITA",156,5,1,17,68.8%,50.4%,40.6%,47.4%,53.3%,44%
220,"Mariam Bolkvadze
Mariam Bolkvadze

GEO",155,2,2,12,61.1%,63.5%,45.9%,56.7%,55.6%,65.2%
121,"
Lara Arruabarrena
Lara Arruabarrena

ESP",154,20,24,47,67.3%,58.5%,46.9%,54.7%,54.8%,59.7%
163,"Marta Kostyuk
Marta Kostyuk

UKR",153,5,13,18,61.1%,60.4%,47.6%,55.4%,56.3%,63.8%
178,"
Barbara Haas
Barbara Haas

AUT",152,4,9,25,59%,58.2%,34.7%,48.6%,48.9%,43.9%
124,"
Yanina Wickmayer
Yanina Wickmayer

BEL",151,4,23,14,61.3%,61.5%,49.2%,56.7%,64.1%,66.7%
113,"Xinyu Wang
Xinyu Wang

CHN",149,9,27,49,54.6%,64.2%,44.2%,55.1%,55.3%,62.2%
126,"
Anna-Lena Friedsam
Anna-Lena Friedsam

GER",147,16,23,57,66%,62.4%,45.9%,56.8%,54.3%,66.1%
249,"
Caroline Dolehide
Caroline Dolehide

USA",146,1,1,2,61%,58.3%,56.5%,57.6%,40.0%,70.0%
199,"Viktoriya Tomova
Viktoriya Tomova

BUL",145,5,4,17,63.9%,56.9%,38.5%,50.3%,51.9%,50.0%
149,"Xiyu Wang
Xiyu Wang

CHN",144,9,15,37,62.4%,58.6%,47.3%,54.3%,43.5%,57.8%
196,"
Allie Kiick
Allie Kiick

USA",143,5,5,12,67.5%,63.4%,43.5%,56.9%,67.5%,67.5%
230,"
Nicole Gibbs
Nicole Gibbs

USA",142,3,2,9,59.8%,56.9%,40.2%,50.2%,56.3%,54.8%
111,"
Harriet Dart
Harriet Dart

GBR",141,14,28,43,57.1%,58.6%,42.9%,51.9%,52.3%,52.7%
214,"
Kurumi Nara
Kurumi Nara

JPN",140,6,3,18,69.3%,57.4%,42.5%,52.9%,57.6%,59.7%
116,"
Mandy Minella
Mandy Minella

LUX",139,14,26,29,65.7%,58.6%,46.5%,54.4%,49.6%,60.4%
109,"
Timea Bacsinszky
Timea Bacsinszky

SUI",138,16,29,32,64.3%,58.7%,45.6%,54%,47.5%,57.1%
180,"Whitney Osuigwe
Whitney Osuigwe

USA",137,5,8,23,69%,56.2%,43.4%,52.2%,48.9%,56.6%
73,"
Ivana Jorovic
Ivana Jorovic

SRB",136,15,61,67,62.3%,61.1%,42.9%,54.3%,52.5%,59.4%
119,"Liudmila Samsonova
Liudmila Samsonova

RUS",135,10,24,35,54.9%,60.2%,45.3%,53.5%,58.8%,61.5%
154,"
Tereza Martincova
Tereza Martincova

CZE",133,9,14,27,71.9%,59.8%,47%,56.2%,58.7%,66.1%
106,"
Anna Karolina Schmiedlova
Anna Karolina Schmiedlova

SVK",132,19,31,88,62.5%,57%,40.0%,50.6%,49.3%,50.5%
85,"
Maria Sharapova
Maria Sharapova

RUS",131,15,48,83,63.1%,64.8%,44.1%,57.2%,53.9%,67.6%
198,"
Barbora Krejcikova
Barbora Krejcikova

CZE",129,3,4,2,76.9%,58.7%,46.5%,55.9%,60.9%,67.9%
168,"Katarzyna Kawa
Katarzyna Kawa

POL",127,9,11,36,62.3%,62.1%,48.8%,57.1%,40.4%,66%
139,"Kaja Juvan
Kaja Juvan

SLO",126,6,19,24,63.3%,62.1%,47.6%,56.8%,54.1%,64.6%
134,"Varvara Flink
Varvara Flink

RUS",125,10,20,32,58.9%,58.7%,44.6%,52.9%,55.6%,55%
78,"
Priscilla Hon
Priscilla Hon

AUS",124,15,58,53,58.6%,66.8%,41.4%,56.3%,54.3%,64.2%
62,"
Pauline Parmentier
Pauline Parmentier

FRA",123,33,73,98,57.7%,64.2%,44.7%,55.9%,51.6%,64.2%
96,"Greet Minnen
Greet Minnen

BEL",122,12,42,36,58.8%,67.8%,42.7%,57.4%,60.0%,68.5%
101,"
Ana Bogdan
Ana Bogdan

ROU",121,18,38,39,61.3%,58.5%,50.0%,55.2%,49%,63%
182,"
Francesca Di Lorenzo
Francesca Di Lorenzo

USA",120,7,8,15,67.7%,64.7%,45.1%,58.4%,58.8%,70.8%
118,"
Beatriz Haddad Maia
Beatriz Haddad Maia

BRA",119,12,25,59,71.7%,64.6%,46.5%,59.5%,67.9%,75.5%
112,"
Catherine Mcnally
Catherine Mcnally

USA",118,11,28,73,56.7%,61.9%,42.5%,53.5%,56.1%,59.5%
184,"
Monica Niculescu
Monica Niculescu

ROU",117,18,8,27,78.8%,56.5%,48.2%,54.7%,51%,60.8%
100,"
Ysaline Bonaventure
Ysaline Bonaventure

BEL",116,26,39,187,63.7%,59.1%,40.1%,52.2%,55.7%,56.1%
125,"
Aliona Bolsova
Aliona Bolsova

ESP",115,12,23,30,63.9%,62.1%,43.6%,55.4%,48.8%,63.3%
169,"
Tamara Korpatsch
Tamara Korpatsch

GER",114,11,11,48,61%,57.4%,43.4%,51.9%,49.5%,53.4%
86,"
Stefanie Voegele
Stefanie Voegele

SUI",113,21,47,59,57.4%,62.5%,41.4%,53.5%,45.2%,58.5%
115,"
Natalia Vikhlyantseva
Natalia Vikhlyantseva

RUS",112,19,27,108,62.1%,63.9%,45.4%,56.9%,59.8%,67%
123,"
Patricia Maria Tig
Patricia Maria Tig

ROU",111,12,23,51,64.3%,64.1%,45.9%,57.6%,62.2%,70.4%
77,"
Mihaela Buzarnescu
Mihaela Buzarnescu

ROU",110,36,58,163,62%,61.6%,42.9%,54.5%,55.1%,61.7%
60,"
Astra Sharma
Astra Sharma

AUS",109,17,77,73,60.3%,65.4%,46.7%,58%,52.6%,68.6%
179,"Varvara Gracheva
Varvara Gracheva

RUS",108,5,9,22,49.8%,62.5%,47.2%,54.8%,37.5%,62.1%
170,"Katarina Zavatska
Katarina Zavatska

UKR",107,8,11,20,64%,57.8%,44.2%,52.9%,55.1%,56.3%
108,"
Nao Hibino
Nao Hibino

JPN",106,11,29,31,63.3%,65.2%,44.9%,57.8%,58.6%,66.7%
68,"
Kaia Kanepi
Kaia Kanepi

EST",105,18,63,86,59.8%,64.6%,43.2%,56%,53%,64%
127,"Anna Kalinskaya
Anna Kalinskaya

RUS",104,14,22,60,60.9%,60.9%,44.8%,54.6%,55.3%,61.3%
54,"
Margarita Gasparyan
Margarita Gasparyan

RUS",103,33,86,139,62.6%,59.8%,43.6%,53.8%,50.8%,58.3%
84,"
Heather Watson
Heather Watson

GBR",102,14,48,48,56.7%,64.5%,44.4%,55.8%,57.1%,63.3%
95,"
Irina-Camelia Begu
Irina-Camelia Begu

ROU",101,26,43,112,63.8%,60.4%,47.9%,55.9%,48.1%,63.1%
63,"
Camila Giorgi
Camila Giorgi

ITA",100,27,73,158,56.1%,63.4%,45.2%,55.4%,51%,62.9%
27,"
Samantha Stosur
Samantha Stosur

AUS",99,32,147,148,58.6%,66.3%,41.7%,56.1%,56.4%,64.7%
74,"
Paula Badosa
Paula Badosa

ESP",98,16,61,56,57.5%,66.9%,44.5%,57.4%,59.3%,68.6%
173,"Jasmine Paolini
Jasmine Paolini

ITA",97,15,10,48,66.1%,57.5%,45.4%,53.4%,56.8%,54.9%
216,"
Madison Brengle
Madison Brengle

USA",96,18,3,40,74.7%,52%,39.6%,48.8%,43.1%,47.3%
72,"
Anastasia Potapova
Anastasia Potapova

RUS",95,29,63,174,50.9%,61.9%,42.8%,52.6%,54.5%,57.8%
143,"
Kristie Ahn
Kristie Ahn

USA",94,16,18,42,60.1%,60.5%,48.8%,55.8%,51.5%,63.8%
129,"
Arantxa Rus
Arantxa Rus

NED",93,10,22,25,65.4%,58.2%,48.8%,54.9%,53%,59.4%
83,"
Kateryna Kozlova
Kateryna Kozlova

UKR",92,28,49,86,65%,58.7%,43.8%,53.4%,49.6%,58.8%
238,"
Vitalia Diatchenko
Vitalia Diatchenko

RUS",91,4,1,35,62.2%,61.1%,33.6%,50.7%,45.8%,50.0%
57,"
Timea Babos
Timea Babos

HUN",90,22,84,99,58.7%,65.2%,40.6%,55%,60.1%,62.3%
122,"
Christina Mchale
Christina Mchale

USA",89,17,24,59,64.1%,59%,40.3%,52.3%,53.4%,56.1%
81,"
Nina Stojanovic
Nina Stojanovic

SRB",88,14,55,66,56.4%,64%,46.8%,56.5%,53.5%,64%
41,"
Tatjana Maria
Tatjana Maria

GER",87,32,115,86,54.3%,64.5%,44.2%,55.2%,51.5%,62.2%
164,"
Danka Kovinic
Danka Kovinic

MNE",86,5,12,37,59.9%,61.1%,42%,53.4%,59.4%,58.7%
153,"
Sara Sorribes Tormo
Sara Sorribes Tormo

ESP",85,30,14,153,66.5%,56.5%,39.7%,50.9%,47.1%,53.8%
91,"
Jessica Pegula
Jessica Pegula

USA",84,22,44,56,60.2%,60.5%,46.7%,55%,51.3%,60.7%
137,"
Misaki Doi
Misaki Doi

JPN",83,22,19,69,59.9%,61.2%,45.7%,55%,52.9%,60.2%
88,"
Taylor Townsend
Taylor Townsend

USA",82,15,47,35,65.7%,63.6%,49.1%,58.6%,59.3%,68.9%
117,"
Shuai Peng
Shuai Peng

CHN",81,16,25,33,68.7%,60.8%,43.9%,55.5%,53.5%,61.3%
156,"
Viktorija Golubic
Viktorija Golubic

SUI",80,25,14,107,65.4%,55.4%,42.5%,50.9%,56.3%,52.5%
42,"
Monica Puig
Monica Puig

PUR",79,35,114,124,62.5%,64.2%,47.8%,58.1%,61.1%,69.1%
64,"
Andrea Petkovic
Andrea Petkovic

GER",78,35,69,135,63.1%,60.8%,44.5%,54.8%,52.1%,61.2%
145,"
Zarina Diyas
Zarina Diyas

KAZ",77,20,18,48,69.3%,58.9%,45.6%,54.8%,54.4%,60.4%
29,"
Ons Jabeur
Ons Jabeur

TUN",76,33,142,99,55%,64.8%,44.6%,55.7%,54.1%,62.1%
99,"
Laura Siegemund
Laura Siegemund

GER",75,35,39,130,68.6%,60.0%,48.2%,56.3%,56.5%,65%
61,"
Sorana Cirstea
Sorana Cirstea

ROU",74,33,74,80,60.6%,63%,46.8%,56.6%,53.8%,66.6%
97,"
Jil Teichmann
Jil Teichmann

SUI",73,22,41,35,64.3%,63%,47.3%,57.4%,57.4%,66.8%
89,"
Lesia Tsurenko
Lesia Tsurenko

UKR",72,28,46,91,70.1%,58.6%,43.4%,54.1%,48%,58.7%
160,"
Lin Zhu
Lin Zhu

CHN",71,18,13,41,66.7%,56.2%,42.4%,51.6%,43.6%,54.1%
55,"
Kirsten Flipkens
Kirsten Flipkens

BEL",70,37,86,70,63.7%,62.4%,46.2%,56.6%,51.5%,65.5%
105,"
Daria Kasatkina
Daria Kasatkina

RUS",69,33,33,210,65.2%,57.1%,38.9%,50.7%,50.6%,50.9%
92,"
Cori Gauff
Cori Gauff

USA",68,16,44,76,65.2%,64.7%,42.8%,57.1%,54%,66.3%
47,"
Aliaksandra Sasnovich
Aliaksandra Sasnovich

BLR",67,36,100,150,61.2%,61.7%,43.9%,54.8%,50.5%,59.7%
5,"
Kristyna Pliskova
Kristyna Pliskova

CZE",66,39,334,162,59.7%,72.9%,44.3%,61.4%,63.4%,75.5%
51,"
Bernarda Pera
Bernarda Pera

USA",65,31,91,126,62.2%,65.4%,48.6%,59.1%,64.2%,74%
104,"
Lauren Davis
Lauren Davis

USA",64,21,35,72,61.1%,60.1%,47.7%,55.3%,59.8%,63.7%
98,"
Tamara Zidansek
Tamara Zidansek

SLO",63,33,41,91,68.8%,57.9%,42.7%,53.1%,53.4%,57.9%
103,"
Fiona Ferro
Fiona Ferro

FRA",62,33,37,59,62%,60.5%,47.5%,55.5%,48.6%,64%
79,"
Anna Blinkova
Anna Blinkova

RUS",61,27,56,142,64.1%,61.7%,41.6%,54.5%,55.9%,61.4%
53,"
Iga Swiatek
Iga Swiatek

POL",60,25,89,81,53.8%,64.2%,49.5%,57.4%,51.9%,66.3%
70,"
Alizé Cornet
Alizé Cornet

FRA",59,43,63,137,63.4%,62.7%,44.2%,55.9%,52.8%,64.1%
34,"
Katerina Siniakova
Katerina Siniakova

CZE",58,47,135,139,61.1%,61.5%,44.9%,55%,51.5%,61.6%
114,"
Marie Bouzkova
Marie Bouzkova

CZE",57,19,27,32,62.1%,60.0%,48.4%,55.6%,55.2%,64.5%
24,"
Jennifer Brady
Jennifer Brady

USA",56,31,161,91,55.6%,70.2%,46.8%,59.8%,60.5%,71.2%
90,"
Carla Suárez Navarro
Carla Suárez Navarro

ESP",55,34,45,59,64.5%,61%,44.5%,55.1%,54.5%,62%
69,"
Svetlana Kuznetsova
Svetlana Kuznetsova

RUS",54,27,63,67,67.2%,63%,48.2%,58.1%,54%,66.9%
75,"
Venus Williams
Venus Williams

USA",53,34,61,125,62.9%,62.8%,43.7%,55.7%,57.3%,63.8%
10,"
Viktoria Kuzmova
Viktoria Kuzmova

SVK",52,47,252,198,55.8%,68.9%,44.6%,58.2%,53.4%,66.9%
20,"
Ajla Tomljanovic
Ajla Tomljanovic

AUS",51,54,187,234,58.1%,66.5%,41.4%,55.9%,53.3%,64%
37,"
Victoria Azarenka
Victoria Azarenka

BLR",50,38,121,158,61.3%,64.8%,43.1%,56.4%,55.1%,64.6%
28,"
Polona Hercog
Polona Hercog

SLO",49,40,144,172,56.1%,66.1%,49.6%,58.9%,56.4%,69.6%
44,"
Yafan Wang
Yafan Wang

CHN",48,46,108,146,58.4%,64.1%,45.7%,56.5%,55%,64.5%
33,"
Alison Van Uytvanck
Alison Van Uytvanck

BEL",47,42,136,83,64%,63.3%,46.9%,57.4%,57.2%,68.3%
19,"
Caroline Garcia
Caroline Garcia

FRA",46,48,190,102,66.5%,64.5%,50.3%,59.7%,58.8%,72%
35,"
Jelena Ostapenko
Jelena Ostapenko

LAT",45,51,130,436,54.3%,65.2%,40.4%,53.8%,52.5%,59%
50,"
Rebecca Peterson
Rebecca Peterson

SWE",44,43,93,123,66.7%,61.7%,50.0%,57.8%,58.8%,68.1%
25,"
Magda Linette
Magda Linette

POL",43,41,161,121,57.8%,65.5%,48%,58.1%,56.8%,69.6%
6,"
Ekaterina Alexandrova
Ekaterina Alexandrova

RUS",42,54,318,291,56.9%,69.6%,44.2%,58.7%,55.2%,69.3%
71,"
Saisai Zheng
Saisai Zheng

CHN",41,44,63,118,65.1%,59.2%,45.7%,54.5%,50.6%,59.9%
12,"
Veronika Kudermetova
Veronika Kudermetova

RUS",40,47,232,130,56.1%,68.2%,44.9%,58%,58%,69%
56,"
Shuai Zhang
Shuai Zhang

CHN",39,41,85,115,63.2%,62.4%,43.6%,55.5%,56.1%,62.3%
26,"
Kristina Mladenovic
Kristina Mladenovic

FRA",38,50,161,266,57.5%,66.1%,40.9%,55.4%,53.9%,62.8%
48,"
Caroline Wozniacki
Caroline Wozniacki

DEN",37,35,97,64,65.3%,64.5%,48.4%,58.9%,55.6%,70.2%
38,"
Elena Rybakina
Elena Rybakina

KAZ",36,33,118,98,58.4%,68.2%,50.2%,60.7%,56.4%,73.7%
45,"
Garbiñe Muguruza
Garbiñe Muguruza

ESP",35,36,104,96,63.8%,64.4%,46.4%,57.9%,58.5%,68.6%
58,"
Yulia Putintseva
Yulia Putintseva

KAZ",34,52,84,126,67.5%,60.9%,48.1%,56.7%,51.1%,65.8%
66,"
Barbora Strycova
Barbora Strycova

CZE",33,39,66,103,64.1%,62.3%,47.9%,57.2%,54.8%,67.2%
102,"
Su-Wei Hsieh
Su-Wei Hsieh

TPE",32,55,37,176,64.4%,61.8%,46.7%,56.4%,53.9%,65.4%
40,"
Danielle Collins
Danielle Collins

USA",31,36,116,111,59%,63%,47.8%,56.7%,57.3%,65.4%
46,"
Anastasia Pavlyuchenkova
Anastasia Pavlyuchenkova

RUS",30,43,101,202,62.2%,64.5%,43.3%,56.5%,53.8%,65%
49,"
Qiang Wang
Qiang Wang

CHN",29,40,94,84,62.6%,63.1%,48.5%,57.6%,56.3%,66.3%
7,"
Julia Goerges
Julia Goerges

GER",28,46,306,189,55%,72.4%,47.9%,61.4%,62.6%,75.7%
36,"
Anastasija Sevastova
Anastasija Sevastova

LAT",27,49,123,101,59.2%,63.2%,49.3%,57.5%,56.8%,67.5%
30,"
Anett Kontaveit
Anett Kontaveit

EST",26,40,140,101,62.9%,65.6%,46.4%,58.5%,58.6%,69.5%
94,"
Sloane Stephens
Sloane Stephens

USA",25,41,43,72,69%,59.4%,48.1%,55.9%,51.6%,62.4%
82,"
Amanda Anisimova
Amanda Anisimova

USA",24,36,49,135,65.3%,62.6%,47.1%,57.2%,61.1%,67.7%
17,"
Maria Sakkari
Maria Sakkari

GRE",23,51,202,209,58%,65.1%,47%,57.5%,55.4%,67.7%
18,"
Dayana Yastremska
Dayana Yastremska

UKR",22,52,195,262,59.9%,64.5%,48.1%,57.9%,57.9%,69.2%
22,"
Karolina Muchova
Karolina Muchova

CZE",21,40,171,73,64.6%,67.8%,49.5%,61.3%,59.1%,74.9%
67,"
Angelique Kerber
Angelique Kerber

GER",20,47,64,151,62.7%,63.2%,48.4%,57.7%,55.5%,67.6%
14,"
Donna Vekic
Donna Vekic

CRO",19,59,211,253,56.8%,69.3%,46.4%,59.4%,53.3%,72.5%
43,"
Alison Riske
Alison Riske

USA",18,48,109,195,66.1%,62.8%,46.5%,57.3%,57.3%,68.1%
23,"
Elise Mertens
Elise Mertens

BEL",17,60,169,253,61.5%,65.2%,47.6%,58.4%,57.9%,69%
80,"
Marketa Vondrousova
Marketa Vondrousova

CZE",16,36,56,138,61.7%,63.9%,47.7%,57.7%,51.9%,67.2%
32,"
Petra Martic
Petra Martic

CRO",15,52,137,138,64.2%,65.8%,49.3%,59.9%,60.6%,73.2%
31,"
Sofia Kenin
Sofia Kenin

USA",14,70,137,278,65.4%,66.2%,48%,59.9%,60.0%,74.2%
8,"
Madison Keys
Madison Keys

USA",13,40,275,100,62.1%,70.5%,46.4%,61.4%,61.3%,76%
21,"
Johanna Konta
Johanna Konta

GBR",12,48,186,86,66.7%,67.4%,50.7%,61.8%,65%,78.3%
11,"
Aryna Sabalenka
Aryna Sabalenka

BLR",11,57,250,350,60.9%,68.7%,45.9%,59.8%,60.7%,73.5%
15,"
Serena Williams
Serena Williams

USA",10,31,206,88,59.2%,75.1%,49.3%,64.6%,56.2%,80.1%
2,"
Kiki Bertens
Kiki Bertens

NED",9,81,457,347,57.3%,72.1%,47.1%,61.4%,57.6%,75.3%
16,"
Belinda Bencic
Belinda Bencic

SUI",8,68,204,322,61.7%,67.5%,46.3%,59.3%,55.5%,71.4%
9,"
Petra Kvitova
Petra Kvitova

CZE",7,53,260,232,60.8%,71.3%,49.8%,62.9%,58.9%,79.1%
13,"
Elina Svitolina
Elina Svitolina

UKR",6,61,229,184,60.2%,66.7%,44.8%,58%,55.6%,69.4%
39,"
Bianca Andreescu
Bianca Andreescu

CAN",5,42,116,168,61.8%,66.2%,48.6%,59.5%,61.2%,73.1%
52,"
Simona Halep
Simona Halep

ROU",4,56,90,140,68.9%,63.4%,47.9%,58.6%,52.6%,69.2%
4,"
Naomi Osaka
Naomi Osaka

JPN",3,51,363,99,60.6%,71.9%,46.9%,62%,61.1%,77.5%
1,"
Karolina Pliskova
Karolina Pliskova

CZE",2,67,488,213,65.5%,72.8%,44%,62.9%,62.4%,78.6%
3,"
Ashleigh Barty
Ashleigh Barty

AUS",1,64,409,201,57.7%,72.8%,51.4%,63.7%,61%,79.7%